epoch,time,train/box_loss,train/cls_loss,train/dfl_loss,metrics/precision(B),metrics/recall(B),metrics/mAP50(B),metrics/mAP50-95(B),val/box_loss,val/cls_loss,val/dfl_loss,lr/pg0,lr/pg1,lr/pg2
1,2.69403,1.1017,3.23423,1.2829,0.0048,0.81944,0.18716,0.11609,0.69655,2.99222,0.98675,2e-05,2e-05,2e-05
2,3.3431,1.15815,3.25142,1.29935,0.00488,0.83333,0.17523,0.10122,0.70235,2.98901,0.99039,5.9406e-05,5.9406e-05,5.9406e-05
3,3.91113,1.10809,3.27107,1.2278,0.00488,0.83333,0.38278,0.28417,0.71939,2.98561,1.00308,9.802e-05,9.802e-05,9.802e-05
4,4.57835,0.94477,3.01457,1.1629,0.00528,0.90278,0.48171,0.35887,0.71041,2.9389,0.96515,0.000135842,0.000135842,0.000135842
5,5.14584,0.96636,2.42269,1.0973,0.00528,0.90278,0.52435,0.40336,0.76941,2.85596,0.97055,0.000172872,0.000172872,0.000172872
6,5.72699,1.02333,1.93817,1.11306,1,0.17626,0.55457,0.40525,0.8761,2.75291,1.0142,0.00020911,0.00020911,0.00020911
7,6.29067,1.03198,1.59188,1.10437,1,0.32953,0.64732,0.49722,0.845,2.60471,0.99597,0.000244556,0.000244556,0.000244556
8,6.85811,0.97113,1.3804,1.05031,1,0.3903,0.68495,0.53773,0.85839,2.54579,0.99477,0.00027921,0.00027921,0.00027921
9,7.43609,0.83553,1.32287,1.04188,1,0.2958,0.68263,0.5299,0.89545,2.59818,1.02177,0.000313072,0.000313072,0.000313072
10,8.00161,0.91991,1.41526,1.02485,1,0.26665,0.68967,0.50493,0.94448,2.68456,1.03868,0.000346142,0.000346142,0.000346142
11,8.56155,0.89204,1.2351,0.98621,1,0.43623,0.67705,0.47505,0.99308,2.69333,1.0659,0.00037842,0.00037842,0.00037842
12,9.14069,0.80199,1.23126,0.99522,1,0.30113,0.65351,0.45183,1.05197,2.58246,1.09554,0.000409906,0.000409906,0.000409906
13,9.7013,0.90687,1.22173,1.08105,1,0.35765,0.62225,0.47643,0.95979,2.53676,1.07962,0.0004406,0.0004406,0.0004406
14,10.2789,0.95732,1.14862,1.05014,1,0.31302,0.58891,0.44005,0.96571,2.57442,1.06374,0.000470502,0.000470502,0.000470502
15,10.859,0.89765,1.16966,1.02443,1,0.29307,0.5525,0.39616,1.05797,2.64165,1.07448,0.000499612,0.000499612,0.000499612
16,11.4334,0.87046,1.0846,1.02982,1,0.25864,0.54317,0.41946,0.93307,2.6708,1.04362,0.00052793,0.00052793,0.00052793
17,12.0655,1.01235,1.16791,1.07581,1,0.18051,0.5318,0.40371,0.9878,2.68648,1.09551,0.000555456,0.000555456,0.000555456
18,12.6499,0.96947,1.20984,1.12788,1,0.10936,0.47873,0.36125,0.98775,2.74478,1.11014,0.00058219,0.00058219,0.00058219
19,13.2119,0.87233,1.31062,1.05664,1,0.14222,0.40972,0.30251,1.02449,2.80759,1.11994,0.000608132,0.000608132,0.000608132
20,13.7757,0.81705,1.17547,1.01207,1,0.17966,0.51144,0.35596,0.99613,2.73874,1.09701,0.000633282,0.000633282,0.000633282
21,14.3399,0.82951,1.05904,1.03903,0.82427,0.13058,0.48033,0.35699,1.0145,2.73057,1.11244,0.00065764,0.00065764,0.00065764
22,14.8965,0.89384,1.12818,1.07318,0.82152,0.12806,0.39644,0.24806,1.06103,2.81847,1.15557,0.000681206,0.000681206,0.000681206
23,15.4466,0.85549,1.0664,1.03636,1,0.16215,0.4179,0.30007,1.05709,2.7813,1.17723,0.00070398,0.00070398,0.00070398
24,16.024,0.80334,1.06548,1.00306,0.84523,0.22772,0.43927,0.32815,1.10611,2.71689,1.16463,0.000725962,0.000725962,0.000725962
25,16.5841,0.77826,1.04647,0.99876,0.9438,0.23338,0.48606,0.34247,1.19826,2.66512,1.21733,0.000747152,0.000747152,0.000747152
26,17.2015,0.81195,1.02481,1.01083,1,0.24681,0.51369,0.38021,1.2269,2.65956,1.25235,0.00076755,0.00076755,0.00076755
27,17.7496,0.88865,1.002,1.02964,0.94222,0.22665,0.50695,0.35179,1.26575,2.68776,1.29377,0.000787156,0.000787156,0.000787156
28,18.3009,0.81959,0.99216,0.98757,0.93646,0.20488,0.48232,0.32147,1.2905,2.72978,1.33181,0.00080597,0.00080597,0.00080597
29,18.8842,0.82004,0.98481,0.9768,0.85976,0.15278,0.4986,0.32964,1.25576,2.72008,1.31521,0.000823992,0.000823992,0.000823992
30,19.5467,0.81677,0.98962,1.03452,0.93924,0.21489,0.55028,0.37747,1.1852,2.64874,1.27608,0.000841222,0.000841222,0.000841222
31,20.0975,0.7979,0.92146,0.99809,1,0.21264,0.54887,0.37418,1.14998,2.5556,1.2431,0.00085766,0.00085766,0.00085766
32,20.6593,0.77243,0.94326,0.98839,1,0.24209,0.54397,0.38648,1.15433,2.49561,1.26652,0.000873306,0.000873306,0.000873306
33,21.2086,0.76181,0.9274,0.95869,1,0.24567,0.52093,0.39245,1.13941,2.4567,1.24654,0.00088816,0.00088816,0.00088816
34,21.7719,0.80852,0.93777,1.0232,0.86274,0.26196,0.50408,0.38412,1.18855,2.4464,1.28225,0.000902222,0.000902222,0.000902222
35,22.3234,0.79845,0.95198,1.04124,0.95132,0.27156,0.53234,0.40314,1.19806,2.45449,1.29896,0.000915492,0.000915492,0.000915492
36,22.938,0.80005,0.97007,1.03603,0.95931,0.32754,0.52834,0.38454,1.19508,2.44161,1.28703,0.00092797,0.00092797,0.00092797
37,23.5146,0.75849,0.93769,1.01158,0.9593,0.32747,0.53134,0.36602,1.15234,2.40607,1.23245,0.000939656,0.000939656,0.000939656
38,24.0702,0.72488,0.88822,0.92432,0.93187,0.41667,0.55227,0.38986,1.11567,2.26503,1.18283,0.00095055,0.00095055,0.00095055
39,24.612,0.82097,1.00176,1.04717,0.8758,0.48978,0.58038,0.4333,1.11667,2.10075,1.18241,0.000960652,0.000960652,0.000960652
40,25.153,0.77021,0.98419,0.97787,0.8619,0.52016,0.6298,0.46322,1.10422,1.93318,1.18682,0.000969962,0.000969962,0.000969962
41,25.708,0.6758,0.87568,0.93684,0.7587,0.48044,0.57995,0.43898,1.08511,1.89052,1.18258,0.00097848,0.00097848,0.00097848
42,26.2786,0.83223,0.89166,1.01484,0.64848,0.5,0.54995,0.42486,1.11822,1.82918,1.21592,0.000986206,0.000986206,0.000986206
43,26.8324,0.70023,0.80762,0.97077,0.52752,0.56944,0.54827,0.4005,1.13771,1.7671,1.24334,0.00099314,0.00099314,0.00099314
44,27.3805,0.75654,0.87822,1.02034,0.6634,0.55556,0.60457,0.42645,1.15967,1.67978,1.22296,0.000999282,0.000999282,0.000999282
45,27.9456,0.82986,0.8516,1.01367,0.66004,0.52778,0.59405,0.42839,1.12236,1.70358,1.21532,0.00100463,0.00100463,0.00100463
46,28.4938,0.73959,0.90208,0.98724,0.7974,0.54671,0.63021,0.44701,1.11417,1.63009,1.23292,0.00100919,0.00100919,0.00100919
47,29.1048,0.76395,0.8684,0.97315,0.76812,0.59812,0.63308,0.4463,1.16591,1.6205,1.27146,0.00101296,0.00101296,0.00101296
48,29.7049,0.80751,0.89392,1.00102,0.8016,0.59722,0.64506,0.46237,1.12585,1.60154,1.24959,0.00101593,0.00101593,0.00101593
49,30.2923,0.72169,0.83705,1.01397,0.84114,0.63889,0.66566,0.44592,1.16314,1.68914,1.28001,0.00101811,0.00101811,0.00101811
50,31.0159,0.74563,0.82589,0.97718,0.80785,0.625,0.64977,0.42579,1.11522,1.67371,1.24269,0.0010195,0.0010195,0.0010195
51,31.7056,0.70501,0.79271,0.95428,0.78981,0.56944,0.66638,0.43103,1.14655,1.65484,1.24244,0.00101,0.00101,0.00101
52,32.3149,0.75373,0.82135,1.00016,0.77033,0.61111,0.64639,0.42138,1.18537,1.6287,1.28242,0.0009902,0.0009902,0.0009902
53,32.8622,0.7819,0.89482,1.04528,0.81264,0.56944,0.6501,0.41091,1.22237,1.63957,1.31824,0.0009704,0.0009704,0.0009704
54,33.6048,0.74445,0.76495,0.96485,0.83424,0.55925,0.64487,0.40688,1.24113,1.57065,1.36869,0.0009506,0.0009506,0.0009506
55,34.2954,0.71567,0.79661,0.97097,0.82497,0.63889,0.68289,0.44957,1.22761,1.4901,1.40171,0.0009308,0.0009308,0.0009308
56,34.9024,0.70293,0.8189,0.97053,0.80834,0.65278,0.67575,0.45806,1.22022,1.42171,1.40661,0.000911,0.000911,0.000911
57,35.6261,0.71174,0.78725,0.98526,0.82169,0.61111,0.66449,0.45454,1.23807,1.42714,1.39219,0.0008912,0.0008912,0.0008912
58,36.41,0.67741,0.73455,0.9548,0.71336,0.68056,0.67029,0.45822,1.18163,1.362,1.32753,0.0008714,0.0008714,0.0008714
